"M","nu","test_error","tpr","fpr","tp","fp","tn","fn","scenario","family","rep"
5,0,543.349078443449,1,1,1000,9000,0,0,"Linear: n=100/p=10000, Medium Sparsity, Identity","gaussian",1
10,0,618.860596730328,1,1,1000,9000,0,0,"Linear: n=100/p=10000, Medium Sparsity, Identity","gaussian",1
20,0,492.356284703988,1,1,1000,9000,0,0,"Linear: n=100/p=10000, Medium Sparsity, Identity","gaussian",1
30,0,521.196939552456,1,1,1000,9000,0,0,"Linear: n=100/p=10000, Medium Sparsity, Identity","gaussian",1
40,0,472.997079737131,1,1,1000,9000,0,0,"Linear: n=100/p=10000, Medium Sparsity, Identity","gaussian",1
50,0,472.014521908827,1,1,1000,9000,0,0,"Linear: n=100/p=10000, Medium Sparsity, Identity","gaussian",1
60,0,482.712989671718,1,1,1000,9000,0,0,"Linear: n=100/p=10000, Medium Sparsity, Identity","gaussian",1
75,0,528.864935130859,1,1,1000,9000,0,0,"Linear: n=100/p=10000, Medium Sparsity, Identity","gaussian",1
100,0,543.731264679961,1,1,1000,9000,0,0,"Linear: n=100/p=10000, Medium Sparsity, Identity","gaussian",1
5,0,460.003929945329,1,1,1000,9000,0,0,"Linear: n=100/p=10000, Medium Sparsity, Identity","gaussian",2
10,0,277.421513876876,1,1,1000,9000,0,0,"Linear: n=100/p=10000, Medium Sparsity, Identity","gaussian",2
20,0,297.29487406042,1,1,1000,9000,0,0,"Linear: n=100/p=10000, Medium Sparsity, Identity","gaussian",2
30,0,320.912422390867,1,1,1000,9000,0,0,"Linear: n=100/p=10000, Medium Sparsity, Identity","gaussian",2
40,0,341.964611260731,1,1,1000,9000,0,0,"Linear: n=100/p=10000, Medium Sparsity, Identity","gaussian",2
50,0,363.090009995637,1,1,1000,9000,0,0,"Linear: n=100/p=10000, Medium Sparsity, Identity","gaussian",2
60,0,349.483458537718,1,1,1000,9000,0,0,"Linear: n=100/p=10000, Medium Sparsity, Identity","gaussian",2
75,0,328.85382126961,1,1,1000,9000,0,0,"Linear: n=100/p=10000, Medium Sparsity, Identity","gaussian",2
100,0,336.194561366844,1,1,1000,9000,0,0,"Linear: n=100/p=10000, Medium Sparsity, Identity","gaussian",2
5,0,287.445608966977,1,1,1000,9000,0,0,"Linear: n=100/p=10000, Medium Sparsity, Identity","gaussian",3
10,0,301.76794207162,1,1,1000,9000,0,0,"Linear: n=100/p=10000, Medium Sparsity, Identity","gaussian",3
20,0,317.444485146901,1,1,1000,9000,0,0,"Linear: n=100/p=10000, Medium Sparsity, Identity","gaussian",3
30,0,343.639820480515,1,1,1000,9000,0,0,"Linear: n=100/p=10000, Medium Sparsity, Identity","gaussian",3
40,0,322.659827170625,1,1,1000,9000,0,0,"Linear: n=100/p=10000, Medium Sparsity, Identity","gaussian",3
50,0,332.362772718584,1,1,1000,9000,0,0,"Linear: n=100/p=10000, Medium Sparsity, Identity","gaussian",3
60,0,341.537928490178,1,1,1000,9000,0,0,"Linear: n=100/p=10000, Medium Sparsity, Identity","gaussian",3
75,0,322.907305485061,1,1,1000,9000,0,0,"Linear: n=100/p=10000, Medium Sparsity, Identity","gaussian",3
100,0,337.258708561684,1,1,1000,9000,0,0,"Linear: n=100/p=10000, Medium Sparsity, Identity","gaussian",3
5,0,833.239145772234,1,1,1000,9000,0,0,"Linear: n=100/p=10000, Medium Sparsity, Identity","gaussian",4
10,0,729.102626587437,1,1,1000,9000,0,0,"Linear: n=100/p=10000, Medium Sparsity, Identity","gaussian",4
20,0,727.497448231024,1,1,1000,9000,0,0,"Linear: n=100/p=10000, Medium Sparsity, Identity","gaussian",4
30,0,741.148976568798,1,1,1000,9000,0,0,"Linear: n=100/p=10000, Medium Sparsity, Identity","gaussian",4
40,0,753.585163284089,1,1,1000,9000,0,0,"Linear: n=100/p=10000, Medium Sparsity, Identity","gaussian",4
50,0,749.99881132754,1,1,1000,9000,0,0,"Linear: n=100/p=10000, Medium Sparsity, Identity","gaussian",4
60,0,743.579634358179,1,1,1000,9000,0,0,"Linear: n=100/p=10000, Medium Sparsity, Identity","gaussian",4
75,0,727.231756827259,1,1,1000,9000,0,0,"Linear: n=100/p=10000, Medium Sparsity, Identity","gaussian",4
100,0,744.311588653485,1,1,1000,9000,0,0,"Linear: n=100/p=10000, Medium Sparsity, Identity","gaussian",4
5,0,532.349047235597,1,1,1000,9000,0,0,"Linear: n=100/p=10000, Medium Sparsity, Identity","gaussian",5
10,0,504.65673358085,1,1,1000,9000,0,0,"Linear: n=100/p=10000, Medium Sparsity, Identity","gaussian",5
20,0,418.893365974342,1,1,1000,9000,0,0,"Linear: n=100/p=10000, Medium Sparsity, Identity","gaussian",5
30,0,418.460100052875,1,1,1000,9000,0,0,"Linear: n=100/p=10000, Medium Sparsity, Identity","gaussian",5
40,0,422.20107802624,1,1,1000,9000,0,0,"Linear: n=100/p=10000, Medium Sparsity, Identity","gaussian",5
50,0,468.878471617215,1,1,1000,9000,0,0,"Linear: n=100/p=10000, Medium Sparsity, Identity","gaussian",5
60,0,439.06004184838,1,1,1000,9000,0,0,"Linear: n=100/p=10000, Medium Sparsity, Identity","gaussian",5
75,0,433.701413429819,1,1,1000,9000,0,0,"Linear: n=100/p=10000, Medium Sparsity, Identity","gaussian",5
100,0,421.06586041706,1,1,1000,9000,0,0,"Linear: n=100/p=10000, Medium Sparsity, Identity","gaussian",5
5,0,433.626706163352,1,1,1000,9000,0,0,"Linear: n=100/p=10000, Medium Sparsity, Identity","gaussian",6
10,0,482.712153277156,1,1,1000,9000,0,0,"Linear: n=100/p=10000, Medium Sparsity, Identity","gaussian",6
20,0,433.033912977737,1,1,1000,9000,0,0,"Linear: n=100/p=10000, Medium Sparsity, Identity","gaussian",6
30,0,405.592385103815,1,1,1000,9000,0,0,"Linear: n=100/p=10000, Medium Sparsity, Identity","gaussian",6
40,0,396.221736234735,1,1,1000,9000,0,0,"Linear: n=100/p=10000, Medium Sparsity, Identity","gaussian",6
50,0,415.186679067205,1,1,1000,9000,0,0,"Linear: n=100/p=10000, Medium Sparsity, Identity","gaussian",6
60,0,413.511519023885,1,1,1000,9000,0,0,"Linear: n=100/p=10000, Medium Sparsity, Identity","gaussian",6
75,0,379.671738115515,1,1,1000,9000,0,0,"Linear: n=100/p=10000, Medium Sparsity, Identity","gaussian",6
100,0,387.980511389372,1,1,1000,9000,0,0,"Linear: n=100/p=10000, Medium Sparsity, Identity","gaussian",6
5,0,851.878306522397,1,1,1000,9000,0,0,"Linear: n=100/p=10000, Medium Sparsity, Identity","gaussian",7
10,0,663.132264713787,1,1,1000,9000,0,0,"Linear: n=100/p=10000, Medium Sparsity, Identity","gaussian",7
20,0,679.878298155055,1,1,1000,9000,0,0,"Linear: n=100/p=10000, Medium Sparsity, Identity","gaussian",7
30,0,639.977084596168,1,1,1000,9000,0,0,"Linear: n=100/p=10000, Medium Sparsity, Identity","gaussian",7
40,0,629.559125096306,1,1,1000,9000,0,0,"Linear: n=100/p=10000, Medium Sparsity, Identity","gaussian",7
50,0,623.932165462886,1,1,1000,9000,0,0,"Linear: n=100/p=10000, Medium Sparsity, Identity","gaussian",7
60,0,616.673805770187,1,1,1000,9000,0,0,"Linear: n=100/p=10000, Medium Sparsity, Identity","gaussian",7
75,0,626.615648749507,1,1,1000,9000,0,0,"Linear: n=100/p=10000, Medium Sparsity, Identity","gaussian",7
100,0,653.252880510952,1,1,1000,9000,0,0,"Linear: n=100/p=10000, Medium Sparsity, Identity","gaussian",7
5,0,353.485242276277,1,1,1000,9000,0,0,"Linear: n=100/p=10000, Medium Sparsity, Identity","gaussian",8
10,0,424.231997140854,1,1,1000,9000,0,0,"Linear: n=100/p=10000, Medium Sparsity, Identity","gaussian",8
20,0,392.598667031829,1,1,1000,9000,0,0,"Linear: n=100/p=10000, Medium Sparsity, Identity","gaussian",8
30,0,384.19314794121,1,1,1000,9000,0,0,"Linear: n=100/p=10000, Medium Sparsity, Identity","gaussian",8
40,0,349.275911813287,1,1,1000,9000,0,0,"Linear: n=100/p=10000, Medium Sparsity, Identity","gaussian",8
50,0,344.672710540462,1,1,1000,9000,0,0,"Linear: n=100/p=10000, Medium Sparsity, Identity","gaussian",8
60,0,364.779685369186,1,1,1000,9000,0,0,"Linear: n=100/p=10000, Medium Sparsity, Identity","gaussian",8
75,0,376.497546556842,1,1,1000,9000,0,0,"Linear: n=100/p=10000, Medium Sparsity, Identity","gaussian",8
100,0,375.558825777652,1,1,1000,9000,0,0,"Linear: n=100/p=10000, Medium Sparsity, Identity","gaussian",8
5,0,459.095936108378,1,1,1000,9000,0,0,"Linear: n=100/p=10000, Medium Sparsity, Identity","gaussian",9
10,0,384.877416676958,1,1,1000,9000,0,0,"Linear: n=100/p=10000, Medium Sparsity, Identity","gaussian",9
20,0,334.027617479437,1,1,1000,9000,0,0,"Linear: n=100/p=10000, Medium Sparsity, Identity","gaussian",9
30,0,369.310938742778,1,1,1000,9000,0,0,"Linear: n=100/p=10000, Medium Sparsity, Identity","gaussian",9
40,0,374.362195401149,1,1,1000,9000,0,0,"Linear: n=100/p=10000, Medium Sparsity, Identity","gaussian",9
50,0,395.596864656415,1,1,1000,9000,0,0,"Linear: n=100/p=10000, Medium Sparsity, Identity","gaussian",9
60,0,381.016408474168,1,1,1000,9000,0,0,"Linear: n=100/p=10000, Medium Sparsity, Identity","gaussian",9
75,0,357.932534269283,1,1,1000,9000,0,0,"Linear: n=100/p=10000, Medium Sparsity, Identity","gaussian",9
100,0,383.633092154577,1,1,1000,9000,0,0,"Linear: n=100/p=10000, Medium Sparsity, Identity","gaussian",9
5,0,783.06979430715,1,1,1000,9000,0,0,"Linear: n=100/p=10000, Medium Sparsity, Identity","gaussian",10
10,0,745.890650977715,1,1,1000,9000,0,0,"Linear: n=100/p=10000, Medium Sparsity, Identity","gaussian",10
20,0,715.010919249906,1,1,1000,9000,0,0,"Linear: n=100/p=10000, Medium Sparsity, Identity","gaussian",10
30,0,695.277497005852,1,1,1000,9000,0,0,"Linear: n=100/p=10000, Medium Sparsity, Identity","gaussian",10
40,0,691.094512095933,1,1,1000,9000,0,0,"Linear: n=100/p=10000, Medium Sparsity, Identity","gaussian",10
50,0,702.007589257108,1,1,1000,9000,0,0,"Linear: n=100/p=10000, Medium Sparsity, Identity","gaussian",10
60,0,700.483299370482,1,1,1000,9000,0,0,"Linear: n=100/p=10000, Medium Sparsity, Identity","gaussian",10
75,0,730.219860141957,1,1,1000,9000,0,0,"Linear: n=100/p=10000, Medium Sparsity, Identity","gaussian",10
100,0,713.881783002619,1,1,1000,9000,0,0,"Linear: n=100/p=10000, Medium Sparsity, Identity","gaussian",10
5,0,1.50158763246606,1,1,10,190,0,0,"Linear: n=200/p=200, High Sparsity, AR1","gaussian",1
10,0,1.54941075618758,1,1,10,190,0,0,"Linear: n=200/p=200, High Sparsity, AR1","gaussian",1
20,0,1.43160721351615,1,1,10,190,0,0,"Linear: n=200/p=200, High Sparsity, AR1","gaussian",1
30,0,1.45381856384815,1,1,10,190,0,0,"Linear: n=200/p=200, High Sparsity, AR1","gaussian",1
40,0,1.57363210702194,1,1,10,190,0,0,"Linear: n=200/p=200, High Sparsity, AR1","gaussian",1
50,0,1.46399203872957,1,1,10,190,0,0,"Linear: n=200/p=200, High Sparsity, AR1","gaussian",1
60,0,1.44773552294313,1,1,10,190,0,0,"Linear: n=200/p=200, High Sparsity, AR1","gaussian",1
75,0,1.51812214182081,1,1,10,190,0,0,"Linear: n=200/p=200, High Sparsity, AR1","gaussian",1
100,0,1.51800925870699,1,1,10,190,0,0,"Linear: n=200/p=200, High Sparsity, AR1","gaussian",1
5,0,1.83540797434586,1,1,10,190,0,0,"Linear: n=200/p=200, High Sparsity, AR1","gaussian",2
10,0,2.00092937172654,1,1,10,190,0,0,"Linear: n=200/p=200, High Sparsity, AR1","gaussian",2
20,0,1.83055137838753,1,1,10,190,0,0,"Linear: n=200/p=200, High Sparsity, AR1","gaussian",2
30,0,1.79677284661404,1,1,10,190,0,0,"Linear: n=200/p=200, High Sparsity, AR1","gaussian",2
40,0,1.87254754520157,1,1,10,190,0,0,"Linear: n=200/p=200, High Sparsity, AR1","gaussian",2
50,0,1.90293969144822,1,1,10,190,0,0,"Linear: n=200/p=200, High Sparsity, AR1","gaussian",2
60,0,1.79555732904563,1,1,10,190,0,0,"Linear: n=200/p=200, High Sparsity, AR1","gaussian",2
75,0,1.85127677810961,1,1,10,190,0,0,"Linear: n=200/p=200, High Sparsity, AR1","gaussian",2
100,0,1.89077453736096,1,1,10,190,0,0,"Linear: n=200/p=200, High Sparsity, AR1","gaussian",2
5,0,1.38342473070758,1,1,10,190,0,0,"Linear: n=200/p=200, High Sparsity, AR1","gaussian",3
10,0,1.39392431718854,1,1,10,190,0,0,"Linear: n=200/p=200, High Sparsity, AR1","gaussian",3
20,0,1.39417372149083,1,1,10,190,0,0,"Linear: n=200/p=200, High Sparsity, AR1","gaussian",3
30,0,1.47723336989374,1,1,10,190,0,0,"Linear: n=200/p=200, High Sparsity, AR1","gaussian",3
40,0,1.35858423440279,1,1,10,190,0,0,"Linear: n=200/p=200, High Sparsity, AR1","gaussian",3
50,0,1.35363834628862,1,1,10,190,0,0,"Linear: n=200/p=200, High Sparsity, AR1","gaussian",3
60,0,1.33924434286744,1,1,10,190,0,0,"Linear: n=200/p=200, High Sparsity, AR1","gaussian",3
75,0,1.35708239773539,1,1,10,190,0,0,"Linear: n=200/p=200, High Sparsity, AR1","gaussian",3
100,0,1.33200506788828,1,1,10,190,0,0,"Linear: n=200/p=200, High Sparsity, AR1","gaussian",3
5,0,1.6401696207079,1,1,10,190,0,0,"Linear: n=200/p=200, High Sparsity, AR1","gaussian",4
10,0,1.48652814352684,1,1,10,190,0,0,"Linear: n=200/p=200, High Sparsity, AR1","gaussian",4
20,0,1.31779893490871,1,1,10,190,0,0,"Linear: n=200/p=200, High Sparsity, AR1","gaussian",4
30,0,1.36864292921566,1,1,10,190,0,0,"Linear: n=200/p=200, High Sparsity, AR1","gaussian",4
40,0,1.26803222325281,1,1,10,190,0,0,"Linear: n=200/p=200, High Sparsity, AR1","gaussian",4
50,0,1.27400306757654,1,1,10,190,0,0,"Linear: n=200/p=200, High Sparsity, AR1","gaussian",4
60,0,1.31646787774076,1,1,10,190,0,0,"Linear: n=200/p=200, High Sparsity, AR1","gaussian",4
75,0,1.30217689181281,1,1,10,190,0,0,"Linear: n=200/p=200, High Sparsity, AR1","gaussian",4
100,0,1.29064952657027,1,1,10,190,0,0,"Linear: n=200/p=200, High Sparsity, AR1","gaussian",4
5,0,1.34206459652046,1,1,10,190,0,0,"Linear: n=200/p=200, High Sparsity, AR1","gaussian",5
10,0,1.32411587864294,1,1,10,190,0,0,"Linear: n=200/p=200, High Sparsity, AR1","gaussian",5
20,0,1.42575659957554,1,1,10,190,0,0,"Linear: n=200/p=200, High Sparsity, AR1","gaussian",5
30,0,1.33383534523546,1,1,10,190,0,0,"Linear: n=200/p=200, High Sparsity, AR1","gaussian",5
40,0,1.29146440160342,1,1,10,190,0,0,"Linear: n=200/p=200, High Sparsity, AR1","gaussian",5
50,0,1.30876098850923,1,1,10,190,0,0,"Linear: n=200/p=200, High Sparsity, AR1","gaussian",5
60,0,1.34221238385301,1,1,10,190,0,0,"Linear: n=200/p=200, High Sparsity, AR1","gaussian",5
75,0,1.33171850800869,1,1,10,190,0,0,"Linear: n=200/p=200, High Sparsity, AR1","gaussian",5
100,0,1.35804433752585,1,1,10,190,0,0,"Linear: n=200/p=200, High Sparsity, AR1","gaussian",5
5,0,1.95953651256428,1,1,10,190,0,0,"Linear: n=200/p=200, High Sparsity, AR1","gaussian",6
10,0,2.05260983668959,1,1,10,190,0,0,"Linear: n=200/p=200, High Sparsity, AR1","gaussian",6
20,0,1.64951118961949,1,1,10,190,0,0,"Linear: n=200/p=200, High Sparsity, AR1","gaussian",6
30,0,1.65002250567473,1,1,10,190,0,0,"Linear: n=200/p=200, High Sparsity, AR1","gaussian",6
40,0,1.72681774482068,1,1,10,190,0,0,"Linear: n=200/p=200, High Sparsity, AR1","gaussian",6
50,0,1.6780515089097,1,1,10,190,0,0,"Linear: n=200/p=200, High Sparsity, AR1","gaussian",6
60,0,1.62028349260488,1,1,10,190,0,0,"Linear: n=200/p=200, High Sparsity, AR1","gaussian",6
75,0,1.63294921417337,1,1,10,190,0,0,"Linear: n=200/p=200, High Sparsity, AR1","gaussian",6
100,0,1.59894468455356,1,1,10,190,0,0,"Linear: n=200/p=200, High Sparsity, AR1","gaussian",6
5,0,1.22770765586378,1,1,10,190,0,0,"Linear: n=200/p=200, High Sparsity, AR1","gaussian",7
10,0,0.996403076299588,1,1,10,190,0,0,"Linear: n=200/p=200, High Sparsity, AR1","gaussian",7
20,0,1.1343228405398,1,1,10,190,0,0,"Linear: n=200/p=200, High Sparsity, AR1","gaussian",7
30,0,1.08237416657937,1,1,10,190,0,0,"Linear: n=200/p=200, High Sparsity, AR1","gaussian",7
40,0,1.05943455690359,1,1,10,190,0,0,"Linear: n=200/p=200, High Sparsity, AR1","gaussian",7
50,0,1.05897509806306,1,1,10,190,0,0,"Linear: n=200/p=200, High Sparsity, AR1","gaussian",7
60,0,1.0125896560263,1,1,10,190,0,0,"Linear: n=200/p=200, High Sparsity, AR1","gaussian",7
75,0,1.00203554820942,1,1,10,190,0,0,"Linear: n=200/p=200, High Sparsity, AR1","gaussian",7
100,0,0.989086302181872,1,1,10,190,0,0,"Linear: n=200/p=200, High Sparsity, AR1","gaussian",7
5,0,1.92865769836689,1,1,10,190,0,0,"Linear: n=200/p=200, High Sparsity, AR1","gaussian",8
10,0,1.88510801348212,1,1,10,190,0,0,"Linear: n=200/p=200, High Sparsity, AR1","gaussian",8
20,0,1.99215662827391,1,1,10,190,0,0,"Linear: n=200/p=200, High Sparsity, AR1","gaussian",8
30,0,1.86304319360289,1,1,10,190,0,0,"Linear: n=200/p=200, High Sparsity, AR1","gaussian",8
40,0,1.94335212285638,1,1,10,190,0,0,"Linear: n=200/p=200, High Sparsity, AR1","gaussian",8
50,0,1.96007406265783,1,1,10,190,0,0,"Linear: n=200/p=200, High Sparsity, AR1","gaussian",8
60,0,1.91938552173199,1,1,10,190,0,0,"Linear: n=200/p=200, High Sparsity, AR1","gaussian",8
75,0,1.97335711947789,1,1,10,190,0,0,"Linear: n=200/p=200, High Sparsity, AR1","gaussian",8
100,0,1.94075703430023,1,1,10,190,0,0,"Linear: n=200/p=200, High Sparsity, AR1","gaussian",8
5,0,2.63006320724994,1,1,10,190,0,0,"Linear: n=200/p=200, High Sparsity, AR1","gaussian",9
10,0,2.63261149794135,1,1,10,190,0,0,"Linear: n=200/p=200, High Sparsity, AR1","gaussian",9
20,0,2.48332873312254,1,1,10,190,0,0,"Linear: n=200/p=200, High Sparsity, AR1","gaussian",9
30,0,2.47897371307409,1,1,10,190,0,0,"Linear: n=200/p=200, High Sparsity, AR1","gaussian",9
40,0,2.6374690594421,1,1,10,190,0,0,"Linear: n=200/p=200, High Sparsity, AR1","gaussian",9
50,0,2.62756845843071,1,1,10,190,0,0,"Linear: n=200/p=200, High Sparsity, AR1","gaussian",9
60,0,2.62845780677687,1,1,10,190,0,0,"Linear: n=200/p=200, High Sparsity, AR1","gaussian",9
75,0,2.61547299365199,1,1,10,190,0,0,"Linear: n=200/p=200, High Sparsity, AR1","gaussian",9
100,0,2.54857922322534,1,1,10,190,0,0,"Linear: n=200/p=200, High Sparsity, AR1","gaussian",9
5,0,1.47564259652061,1,1,10,190,0,0,"Linear: n=200/p=200, High Sparsity, AR1","gaussian",10
10,0,1.47338359339555,1,1,10,190,0,0,"Linear: n=200/p=200, High Sparsity, AR1","gaussian",10
20,0,1.48061983497724,1,1,10,190,0,0,"Linear: n=200/p=200, High Sparsity, AR1","gaussian",10
30,0,1.32070812886586,1,1,10,190,0,0,"Linear: n=200/p=200, High Sparsity, AR1","gaussian",10
40,0,1.3211291549834,1,1,10,190,0,0,"Linear: n=200/p=200, High Sparsity, AR1","gaussian",10
50,0,1.36423686621987,1,1,10,190,0,0,"Linear: n=200/p=200, High Sparsity, AR1","gaussian",10
60,0,1.41892342989485,1,1,10,190,0,0,"Linear: n=200/p=200, High Sparsity, AR1","gaussian",10
75,0,1.38304287832643,1,1,10,190,0,0,"Linear: n=200/p=200, High Sparsity, AR1","gaussian",10
100,0,1.43758856647152,1,1,10,190,0,0,"Linear: n=200/p=200, High Sparsity, AR1","gaussian",10
5,0,0.9937878756075,1,1,150,350,0,0,"Linear: n=100/p=500, Dense Sparsity, Block","gaussian",1
10,0,0.993787820040998,1,1,150,350,0,0,"Linear: n=100/p=500, Dense Sparsity, Block","gaussian",1
20,0,0.993793517410456,1,1,150,350,0,0,"Linear: n=100/p=500, Dense Sparsity, Block","gaussian",1
30,0,0.991582954944117,1,1,150,350,0,0,"Linear: n=100/p=500, Dense Sparsity, Block","gaussian",1
40,0,0.99753035385258,1,1,150,350,0,0,"Linear: n=100/p=500, Dense Sparsity, Block","gaussian",1
50,0,0.995506315273402,1,1,150,350,0,0,"Linear: n=100/p=500, Dense Sparsity, Block","gaussian",1
60,0,0.993531153189576,1,1,150,350,0,0,"Linear: n=100/p=500, Dense Sparsity, Block","gaussian",1
75,0,0.996374173496593,1,1,150,350,0,0,"Linear: n=100/p=500, Dense Sparsity, Block","gaussian",1
100,0,0.992943122918864,1,1,150,350,0,0,"Linear: n=100/p=500, Dense Sparsity, Block","gaussian",1
5,0,1.24909687945737,1,1,150,350,0,0,"Linear: n=100/p=500, Dense Sparsity, Block","gaussian",2
10,0,1.24909694180362,1,1,150,350,0,0,"Linear: n=100/p=500, Dense Sparsity, Block","gaussian",2
20,0,1.24825432898771,1,1,150,350,0,0,"Linear: n=100/p=500, Dense Sparsity, Block","gaussian",2
30,0,1.25014972621394,1,1,150,350,0,0,"Linear: n=100/p=500, Dense Sparsity, Block","gaussian",2
40,0,1.24900394155583,1,1,150,350,0,0,"Linear: n=100/p=500, Dense Sparsity, Block","gaussian",2
50,0,1.24893250022252,1,1,150,350,0,0,"Linear: n=100/p=500, Dense Sparsity, Block","gaussian",2
60,0,1.24536034556132,1,1,150,350,0,0,"Linear: n=100/p=500, Dense Sparsity, Block","gaussian",2
75,0,1.24673352344063,1,1,150,350,0,0,"Linear: n=100/p=500, Dense Sparsity, Block","gaussian",2
100,0,1.25170194421526,1,1,150,350,0,0,"Linear: n=100/p=500, Dense Sparsity, Block","gaussian",2
5,0,1.74790730434936,1,1,150,350,0,0,"Linear: n=100/p=500, Dense Sparsity, Block","gaussian",3
10,0,1.7475385117874,1,1,150,350,0,0,"Linear: n=100/p=500, Dense Sparsity, Block","gaussian",3
20,0,1.73999652801907,1,1,150,350,0,0,"Linear: n=100/p=500, Dense Sparsity, Block","gaussian",3
30,0,1.74556506053016,1,1,150,350,0,0,"Linear: n=100/p=500, Dense Sparsity, Block","gaussian",3
40,0,1.74534714178519,1,1,150,350,0,0,"Linear: n=100/p=500, Dense Sparsity, Block","gaussian",3
50,0,1.74134233858912,1,1,150,350,0,0,"Linear: n=100/p=500, Dense Sparsity, Block","gaussian",3
60,0,1.74669440564496,1,1,150,350,0,0,"Linear: n=100/p=500, Dense Sparsity, Block","gaussian",3
75,0,1.74715326540695,1,1,150,350,0,0,"Linear: n=100/p=500, Dense Sparsity, Block","gaussian",3
100,0,1.7466109105949,1,1,150,350,0,0,"Linear: n=100/p=500, Dense Sparsity, Block","gaussian",3
5,0,1.13681385451143,1,1,150,350,0,0,"Linear: n=100/p=500, Dense Sparsity, Block","gaussian",4
10,0,1.13681377518993,1,1,150,350,0,0,"Linear: n=100/p=500, Dense Sparsity, Block","gaussian",4
20,0,1.13832651298674,1,1,150,350,0,0,"Linear: n=100/p=500, Dense Sparsity, Block","gaussian",4
30,0,1.13626839558538,1,1,150,350,0,0,"Linear: n=100/p=500, Dense Sparsity, Block","gaussian",4
40,0,1.13150792873306,1,1,150,350,0,0,"Linear: n=100/p=500, Dense Sparsity, Block","gaussian",4
50,0,1.13593999577415,1,1,150,350,0,0,"Linear: n=100/p=500, Dense Sparsity, Block","gaussian",4
60,0,1.13557869741782,1,1,150,350,0,0,"Linear: n=100/p=500, Dense Sparsity, Block","gaussian",4
75,0,1.13485768631121,1,1,150,350,0,0,"Linear: n=100/p=500, Dense Sparsity, Block","gaussian",4
100,0,1.13462635569732,1,1,150,350,0,0,"Linear: n=100/p=500, Dense Sparsity, Block","gaussian",4
5,0,1.24082625619282,1,1,150,350,0,0,"Linear: n=100/p=500, Dense Sparsity, Block","gaussian",5
10,0,1.24082635445376,1,1,150,350,0,0,"Linear: n=100/p=500, Dense Sparsity, Block","gaussian",5
20,0,1.24132380504713,1,1,150,350,0,0,"Linear: n=100/p=500, Dense Sparsity, Block","gaussian",5
30,0,1.24465938516226,1,1,150,350,0,0,"Linear: n=100/p=500, Dense Sparsity, Block","gaussian",5
40,0,1.23651663043144,1,1,150,350,0,0,"Linear: n=100/p=500, Dense Sparsity, Block","gaussian",5
50,0,1.24240863359035,1,1,150,350,0,0,"Linear: n=100/p=500, Dense Sparsity, Block","gaussian",5
60,0,1.24366083853453,1,1,150,350,0,0,"Linear: n=100/p=500, Dense Sparsity, Block","gaussian",5
75,0,1.24109319294199,1,1,150,350,0,0,"Linear: n=100/p=500, Dense Sparsity, Block","gaussian",5
100,0,1.24261269393251,1,1,150,350,0,0,"Linear: n=100/p=500, Dense Sparsity, Block","gaussian",5
5,0,1.17690690493196,1,1,150,350,0,0,"Linear: n=100/p=500, Dense Sparsity, Block","gaussian",6
10,0,1.1769072512247,1,1,150,350,0,0,"Linear: n=100/p=500, Dense Sparsity, Block","gaussian",6
20,0,1.17690761970475,1,1,150,350,0,0,"Linear: n=100/p=500, Dense Sparsity, Block","gaussian",6
30,0,1.17690743170958,1,1,150,350,0,0,"Linear: n=100/p=500, Dense Sparsity, Block","gaussian",6
40,0,1.17690750559939,1,1,150,350,0,0,"Linear: n=100/p=500, Dense Sparsity, Block","gaussian",6
50,0,1.17688746913476,1,1,150,350,0,0,"Linear: n=100/p=500, Dense Sparsity, Block","gaussian",6
60,0,1.17240172331333,1,1,150,350,0,0,"Linear: n=100/p=500, Dense Sparsity, Block","gaussian",6
75,0,1.17565618822506,1,1,150,350,0,0,"Linear: n=100/p=500, Dense Sparsity, Block","gaussian",6
100,0,1.173279990416,1,1,150,350,0,0,"Linear: n=100/p=500, Dense Sparsity, Block","gaussian",6
5,0,1.08629335082477,1,1,150,350,0,0,"Linear: n=100/p=500, Dense Sparsity, Block","gaussian",7
10,0,1.08629392278121,1,1,150,350,0,0,"Linear: n=100/p=500, Dense Sparsity, Block","gaussian",7
20,0,1.08650124317017,1,1,150,350,0,0,"Linear: n=100/p=500, Dense Sparsity, Block","gaussian",7
30,0,1.09190849066776,1,1,150,350,0,0,"Linear: n=100/p=500, Dense Sparsity, Block","gaussian",7
40,0,1.08800150598815,1,1,150,350,0,0,"Linear: n=100/p=500, Dense Sparsity, Block","gaussian",7
50,0,1.08335065417828,1,1,150,350,0,0,"Linear: n=100/p=500, Dense Sparsity, Block","gaussian",7
60,0,1.08586137607584,1,1,150,350,0,0,"Linear: n=100/p=500, Dense Sparsity, Block","gaussian",7
75,0,1.08378528229591,1,1,150,350,0,0,"Linear: n=100/p=500, Dense Sparsity, Block","gaussian",7
100,0,1.08445030459263,1,1,150,350,0,0,"Linear: n=100/p=500, Dense Sparsity, Block","gaussian",7
5,0,0.726948098711545,1,1,150,350,0,0,"Linear: n=100/p=500, Dense Sparsity, Block","gaussian",8
10,0,0.736723702355215,1,1,150,350,0,0,"Linear: n=100/p=500, Dense Sparsity, Block","gaussian",8
20,0,0.732455619652421,1,1,150,350,0,0,"Linear: n=100/p=500, Dense Sparsity, Block","gaussian",8
30,0,0.740961785162118,1,1,150,350,0,0,"Linear: n=100/p=500, Dense Sparsity, Block","gaussian",8
40,0,0.728452845009844,1,1,150,350,0,0,"Linear: n=100/p=500, Dense Sparsity, Block","gaussian",8
50,0,0.72659005660872,1,1,150,350,0,0,"Linear: n=100/p=500, Dense Sparsity, Block","gaussian",8
60,0,0.72718848176228,1,1,150,350,0,0,"Linear: n=100/p=500, Dense Sparsity, Block","gaussian",8
75,0,0.729198131157809,1,1,150,350,0,0,"Linear: n=100/p=500, Dense Sparsity, Block","gaussian",8
100,0,0.726160796372484,1,1,150,350,0,0,"Linear: n=100/p=500, Dense Sparsity, Block","gaussian",8
5,0,1.43309070341122,1,1,150,350,0,0,"Linear: n=100/p=500, Dense Sparsity, Block","gaussian",9
10,0,1.43172813182316,1,1,150,350,0,0,"Linear: n=100/p=500, Dense Sparsity, Block","gaussian",9
20,0,1.43309065514528,1,1,150,350,0,0,"Linear: n=100/p=500, Dense Sparsity, Block","gaussian",9
30,0,1.42808533758987,1,1,150,350,0,0,"Linear: n=100/p=500, Dense Sparsity, Block","gaussian",9
40,0,1.43325210316592,1,1,150,350,0,0,"Linear: n=100/p=500, Dense Sparsity, Block","gaussian",9
50,0,1.43630246511961,1,1,150,350,0,0,"Linear: n=100/p=500, Dense Sparsity, Block","gaussian",9
60,0,1.43306951242806,1,1,150,350,0,0,"Linear: n=100/p=500, Dense Sparsity, Block","gaussian",9
75,0,1.42388480535181,1,1,150,350,0,0,"Linear: n=100/p=500, Dense Sparsity, Block","gaussian",9
100,0,1.43066686891971,1,1,150,350,0,0,"Linear: n=100/p=500, Dense Sparsity, Block","gaussian",9
5,0,1.49615516940273,1,1,150,350,0,0,"Linear: n=100/p=500, Dense Sparsity, Block","gaussian",10
10,0,1.50402607756843,1,1,150,350,0,0,"Linear: n=100/p=500, Dense Sparsity, Block","gaussian",10
20,0,1.50402595528423,1,1,150,350,0,0,"Linear: n=100/p=500, Dense Sparsity, Block","gaussian",10
30,0,1.50402595298525,1,1,150,350,0,0,"Linear: n=100/p=500, Dense Sparsity, Block","gaussian",10
40,0,1.49917475444138,1,1,150,350,0,0,"Linear: n=100/p=500, Dense Sparsity, Block","gaussian",10
50,0,1.50776819085939,1,1,150,350,0,0,"Linear: n=100/p=500, Dense Sparsity, Block","gaussian",10
60,0,1.50748413908077,1,1,150,350,0,0,"Linear: n=100/p=500, Dense Sparsity, Block","gaussian",10
75,0,1.50141939953417,1,1,150,350,0,0,"Linear: n=100/p=500, Dense Sparsity, Block","gaussian",10
100,0,1.50655781959357,1,1,150,350,0,0,"Linear: n=100/p=500, Dense Sparsity, Block","gaussian",10
5,0,0.393939393939394,1,1,1000,9000,0,0,"Logistic: n=100/p=10000, Medium Sparsity, Identity","binomial",1
10,0,0.565656565656566,1,1,1000,9000,0,0,"Logistic: n=100/p=10000, Medium Sparsity, Identity","binomial",1
20,0,0.464646464646465,1,1,1000,9000,0,0,"Logistic: n=100/p=10000, Medium Sparsity, Identity","binomial",1
30,0,0.545454545454546,1,1,1000,9000,0,0,"Logistic: n=100/p=10000, Medium Sparsity, Identity","binomial",1
40,0,0.272727272727273,1,1,1000,9000,0,0,"Logistic: n=100/p=10000, Medium Sparsity, Identity","binomial",1
50,0,0.303030303030303,1,1,1000,9000,0,0,"Logistic: n=100/p=10000, Medium Sparsity, Identity","binomial",1
60,0,0.343434343434344,1,1,1000,9000,0,0,"Logistic: n=100/p=10000, Medium Sparsity, Identity","binomial",1
75,0,0.474747474747475,1,1,1000,9000,0,0,"Logistic: n=100/p=10000, Medium Sparsity, Identity","binomial",1
100,0,0.242424242424243,1,1,1000,9000,0,0,"Logistic: n=100/p=10000, Medium Sparsity, Identity","binomial",1
5,0,0.302083333333333,1,1,1000,9000,0,0,"Logistic: n=100/p=10000, Medium Sparsity, Identity","binomial",2
10,0,0.416666666666667,1,1,1000,9000,0,0,"Logistic: n=100/p=10000, Medium Sparsity, Identity","binomial",2
20,0,0.46875,1,1,1000,9000,0,0,"Logistic: n=100/p=10000, Medium Sparsity, Identity","binomial",2
30,0,0.447916666666667,1,1,1000,9000,0,0,"Logistic: n=100/p=10000, Medium Sparsity, Identity","binomial",2
40,0,0.510416666666667,1,1,1000,9000,0,0,"Logistic: n=100/p=10000, Medium Sparsity, Identity","binomial",2
50,0,0.479166666666667,1,1,1000,9000,0,0,"Logistic: n=100/p=10000, Medium Sparsity, Identity","binomial",2
60,0,0.541666666666667,1,1,1000,9000,0,0,"Logistic: n=100/p=10000, Medium Sparsity, Identity","binomial",2
75,0,0.489583333333333,1,1,1000,9000,0,0,"Logistic: n=100/p=10000, Medium Sparsity, Identity","binomial",2
100,0,0.46875,1,1,1000,9000,0,0,"Logistic: n=100/p=10000, Medium Sparsity, Identity","binomial",2
5,0,0.1875,1,1,1000,9000,0,0,"Logistic: n=100/p=10000, Medium Sparsity, Identity","binomial",3
10,0,0.34375,1,1,1000,9000,0,0,"Logistic: n=100/p=10000, Medium Sparsity, Identity","binomial",3
20,0,0.354166666666667,1,1,1000,9000,0,0,"Logistic: n=100/p=10000, Medium Sparsity, Identity","binomial",3
30,0,0.333333333333333,1,1,1000,9000,0,0,"Logistic: n=100/p=10000, Medium Sparsity, Identity","binomial",3
40,0,0.395833333333333,1,1,1000,9000,0,0,"Logistic: n=100/p=10000, Medium Sparsity, Identity","binomial",3
50,0,0.458333333333333,1,1,1000,9000,0,0,"Logistic: n=100/p=10000, Medium Sparsity, Identity","binomial",3
60,0,0.333333333333333,1,1,1000,9000,0,0,"Logistic: n=100/p=10000, Medium Sparsity, Identity","binomial",3
75,0,0.447916666666667,1,1,1000,9000,0,0,"Logistic: n=100/p=10000, Medium Sparsity, Identity","binomial",3
100,0,0.510416666666667,1,1,1000,9000,0,0,"Logistic: n=100/p=10000, Medium Sparsity, Identity","binomial",3
5,0,0.373737373737374,1,1,1000,9000,0,0,"Logistic: n=100/p=10000, Medium Sparsity, Identity","binomial",4
10,0,0.414141414141414,1,1,1000,9000,0,0,"Logistic: n=100/p=10000, Medium Sparsity, Identity","binomial",4
20,0,0.373737373737374,1,1,1000,9000,0,0,"Logistic: n=100/p=10000, Medium Sparsity, Identity","binomial",4
30,0,0.545454545454545,1,1,1000,9000,0,0,"Logistic: n=100/p=10000, Medium Sparsity, Identity","binomial",4
40,0,0.474747474747475,1,1,1000,9000,0,0,"Logistic: n=100/p=10000, Medium Sparsity, Identity","binomial",4
50,0,0.464646464646465,1,1,1000,9000,0,0,"Logistic: n=100/p=10000, Medium Sparsity, Identity","binomial",4
60,0,0.343434343434343,1,1,1000,9000,0,0,"Logistic: n=100/p=10000, Medium Sparsity, Identity","binomial",4
75,0,0.191919191919192,1,1,1000,9000,0,0,"Logistic: n=100/p=10000, Medium Sparsity, Identity","binomial",4
100,0,0.303030303030303,1,1,1000,9000,0,0,"Logistic: n=100/p=10000, Medium Sparsity, Identity","binomial",4
5,0,0.484848484848485,1,1,1000,9000,0,0,"Logistic: n=100/p=10000, Medium Sparsity, Identity","binomial",5
10,0,0.444444444444445,1,1,1000,9000,0,0,"Logistic: n=100/p=10000, Medium Sparsity, Identity","binomial",5
20,0,0.343434343434344,1,1,1000,9000,0,0,"Logistic: n=100/p=10000, Medium Sparsity, Identity","binomial",5
30,0,0.292929292929293,1,1,1000,9000,0,0,"Logistic: n=100/p=10000, Medium Sparsity, Identity","binomial",5
40,0,0.333333333333333,1,1,1000,9000,0,0,"Logistic: n=100/p=10000, Medium Sparsity, Identity","binomial",5
50,0,0.494949494949495,1,1,1000,9000,0,0,"Logistic: n=100/p=10000, Medium Sparsity, Identity","binomial",5
60,0,0.484848484848485,1,1,1000,9000,0,0,"Logistic: n=100/p=10000, Medium Sparsity, Identity","binomial",5
75,0,0.464646464646465,1,1,1000,9000,0,0,"Logistic: n=100/p=10000, Medium Sparsity, Identity","binomial",5
100,0,0.262626262626263,1,1,1000,9000,0,0,"Logistic: n=100/p=10000, Medium Sparsity, Identity","binomial",5
5,0,0.41,1,1,1000,9000,0,0,"Logistic: n=100/p=10000, Medium Sparsity, Identity","binomial",6
10,0,0.43,1,1,1000,9000,0,0,"Logistic: n=100/p=10000, Medium Sparsity, Identity","binomial",6
20,0,0.52,1,1,1000,9000,0,0,"Logistic: n=100/p=10000, Medium Sparsity, Identity","binomial",6
30,0,0.38,1,1,1000,9000,0,0,"Logistic: n=100/p=10000, Medium Sparsity, Identity","binomial",6
40,0,0.38,1,1,1000,9000,0,0,"Logistic: n=100/p=10000, Medium Sparsity, Identity","binomial",6
50,0,0.51,1,1,1000,9000,0,0,"Logistic: n=100/p=10000, Medium Sparsity, Identity","binomial",6
60,0,0.49,1,1,1000,9000,0,0,"Logistic: n=100/p=10000, Medium Sparsity, Identity","binomial",6
75,0,0.35,1,1,1000,9000,0,0,"Logistic: n=100/p=10000, Medium Sparsity, Identity","binomial",6
100,0,0.5,1,1,1000,9000,0,0,"Logistic: n=100/p=10000, Medium Sparsity, Identity","binomial",6
5,0,0.428571428571428,1,1,1000,9000,0,0,"Logistic: n=100/p=10000, Medium Sparsity, Identity","binomial",7
10,0,0.417582417582418,1,1,1000,9000,0,0,"Logistic: n=100/p=10000, Medium Sparsity, Identity","binomial",7
20,0,0.45054945054945,1,1,1000,9000,0,0,"Logistic: n=100/p=10000, Medium Sparsity, Identity","binomial",7
30,0,0.406593406593407,1,1,1000,9000,0,0,"Logistic: n=100/p=10000, Medium Sparsity, Identity","binomial",7
40,0,0.395604395604396,1,1,1000,9000,0,0,"Logistic: n=100/p=10000, Medium Sparsity, Identity","binomial",7
50,0,0.395604395604396,1,1,1000,9000,0,0,"Logistic: n=100/p=10000, Medium Sparsity, Identity","binomial",7
60,0,0.472527472527473,1,1,1000,9000,0,0,"Logistic: n=100/p=10000, Medium Sparsity, Identity","binomial",7
75,0,0.362637362637363,1,1,1000,9000,0,0,"Logistic: n=100/p=10000, Medium Sparsity, Identity","binomial",7
100,0,0.461538461538462,1,1,1000,9000,0,0,"Logistic: n=100/p=10000, Medium Sparsity, Identity","binomial",7
5,0,0.583333333333333,1,1,1000,9000,0,0,"Logistic: n=100/p=10000, Medium Sparsity, Identity","binomial",8
10,0,0.239583333333333,1,1,1000,9000,0,0,"Logistic: n=100/p=10000, Medium Sparsity, Identity","binomial",8
20,0,0.46875,1,1,1000,9000,0,0,"Logistic: n=100/p=10000, Medium Sparsity, Identity","binomial",8
30,0,0.447916666666667,1,1,1000,9000,0,0,"Logistic: n=100/p=10000, Medium Sparsity, Identity","binomial",8
40,0,0.28125,1,1,1000,9000,0,0,"Logistic: n=100/p=10000, Medium Sparsity, Identity","binomial",8
50,0,0.302083333333333,1,1,1000,9000,0,0,"Logistic: n=100/p=10000, Medium Sparsity, Identity","binomial",8
60,0,0.3125,1,1,1000,9000,0,0,"Logistic: n=100/p=10000, Medium Sparsity, Identity","binomial",8
75,0,0.4375,1,1,1000,9000,0,0,"Logistic: n=100/p=10000, Medium Sparsity, Identity","binomial",8
100,0,0.395833333333333,1,1,1000,9000,0,0,"Logistic: n=100/p=10000, Medium Sparsity, Identity","binomial",8
5,0,0.333333333333333,1,1,1000,9000,0,0,"Logistic: n=100/p=10000, Medium Sparsity, Identity","binomial",9
10,0,0.333333333333333,1,1,1000,9000,0,0,"Logistic: n=100/p=10000, Medium Sparsity, Identity","binomial",9
20,0,0.383838383838384,1,1,1000,9000,0,0,"Logistic: n=100/p=10000, Medium Sparsity, Identity","binomial",9
30,0,0.353535353535353,1,1,1000,9000,0,0,"Logistic: n=100/p=10000, Medium Sparsity, Identity","binomial",9
40,0,0.454545454545454,1,1,1000,9000,0,0,"Logistic: n=100/p=10000, Medium Sparsity, Identity","binomial",9
50,0,0.383838383838384,1,1,1000,9000,0,0,"Logistic: n=100/p=10000, Medium Sparsity, Identity","binomial",9
60,0,0.323232323232323,1,1,1000,9000,0,0,"Logistic: n=100/p=10000, Medium Sparsity, Identity","binomial",9
75,0,0.333333333333333,1,1,1000,9000,0,0,"Logistic: n=100/p=10000, Medium Sparsity, Identity","binomial",9
100,0,0.585858585858586,1,1,1000,9000,0,0,"Logistic: n=100/p=10000, Medium Sparsity, Identity","binomial",9
5,0,0.447916666666667,1,1,1000,9000,0,0,"Logistic: n=100/p=10000, Medium Sparsity, Identity","binomial",10
10,0,0.5,1,1,1000,9000,0,0,"Logistic: n=100/p=10000, Medium Sparsity, Identity","binomial",10
20,0,0.458333333333333,1,1,1000,9000,0,0,"Logistic: n=100/p=10000, Medium Sparsity, Identity","binomial",10
30,0,0.552083333333333,1,1,1000,9000,0,0,"Logistic: n=100/p=10000, Medium Sparsity, Identity","binomial",10
40,0,0.40625,1,1,1000,9000,0,0,"Logistic: n=100/p=10000, Medium Sparsity, Identity","binomial",10
50,0,0.395833333333333,1,1,1000,9000,0,0,"Logistic: n=100/p=10000, Medium Sparsity, Identity","binomial",10
60,0,0.40625,1,1,1000,9000,0,0,"Logistic: n=100/p=10000, Medium Sparsity, Identity","binomial",10
75,0,0.458333333333333,1,1,1000,9000,0,0,"Logistic: n=100/p=10000, Medium Sparsity, Identity","binomial",10
100,0,0.416666666666667,1,1,1000,9000,0,0,"Logistic: n=100/p=10000, Medium Sparsity, Identity","binomial",10
5,0,0.352941176470588,1,1,10,190,0,0,"Logistic: n=200/p=200, High Sparsity, AR1","binomial",1
10,0,0.355498721227621,1,1,10,190,0,0,"Logistic: n=200/p=200, High Sparsity, AR1","binomial",1
20,0,0.398976982097187,1,1,10,190,0,0,"Logistic: n=200/p=200, High Sparsity, AR1","binomial",1
30,0,0.375959079283887,1,1,10,190,0,0,"Logistic: n=200/p=200, High Sparsity, AR1","binomial",1
40,0,0.378516624040921,1,1,10,190,0,0,"Logistic: n=200/p=200, High Sparsity, AR1","binomial",1
50,0,0.378516624040921,1,1,10,190,0,0,"Logistic: n=200/p=200, High Sparsity, AR1","binomial",1
60,0,0.40153452685422,1,1,10,190,0,0,"Logistic: n=200/p=200, High Sparsity, AR1","binomial",1
75,0,0.363171355498721,1,1,10,190,0,0,"Logistic: n=200/p=200, High Sparsity, AR1","binomial",1
100,0,0.39386189258312,1,1,10,190,0,0,"Logistic: n=200/p=200, High Sparsity, AR1","binomial",1
5,0,0.396419437340153,1,1,10,190,0,0,"Logistic: n=200/p=200, High Sparsity, AR1","binomial",2
10,0,0.398976982097187,1,1,10,190,0,0,"Logistic: n=200/p=200, High Sparsity, AR1","binomial",2
20,0,0.388746803069054,1,1,10,190,0,0,"Logistic: n=200/p=200, High Sparsity, AR1","binomial",2
30,0,0.365728900255755,1,1,10,190,0,0,"Logistic: n=200/p=200, High Sparsity, AR1","binomial",2
40,0,0.360613810741688,1,1,10,190,0,0,"Logistic: n=200/p=200, High Sparsity, AR1","binomial",2
50,0,0.378516624040921,1,1,10,190,0,0,"Logistic: n=200/p=200, High Sparsity, AR1","binomial",2
60,0,0.375959079283888,1,1,10,190,0,0,"Logistic: n=200/p=200, High Sparsity, AR1","binomial",2
75,0,0.368286445012788,1,1,10,190,0,0,"Logistic: n=200/p=200, High Sparsity, AR1","binomial",2
100,0,0.370843989769821,1,1,10,190,0,0,"Logistic: n=200/p=200, High Sparsity, AR1","binomial",2
5,0,0.419191919191919,1,1,10,190,0,0,"Logistic: n=200/p=200, High Sparsity, AR1","binomial",3
10,0,0.48989898989899,1,1,10,190,0,0,"Logistic: n=200/p=200, High Sparsity, AR1","binomial",3
20,0,0.51010101010101,1,1,10,190,0,0,"Logistic: n=200/p=200, High Sparsity, AR1","binomial",3
30,0,0.494949494949495,1,1,10,190,0,0,"Logistic: n=200/p=200, High Sparsity, AR1","binomial",3
40,0,0.494949494949495,1,1,10,190,0,0,"Logistic: n=200/p=200, High Sparsity, AR1","binomial",3
50,0,0.492424242424242,1,1,10,190,0,0,"Logistic: n=200/p=200, High Sparsity, AR1","binomial",3
60,0,0.525252525252525,1,1,10,190,0,0,"Logistic: n=200/p=200, High Sparsity, AR1","binomial",3
75,0,0.48989898989899,1,1,10,190,0,0,"Logistic: n=200/p=200, High Sparsity, AR1","binomial",3
100,0,0.439393939393939,1,1,10,190,0,0,"Logistic: n=200/p=200, High Sparsity, AR1","binomial",3
5,0,0.380208333333333,1,1,10,190,0,0,"Logistic: n=200/p=200, High Sparsity, AR1","binomial",4
10,0,0.307291666666667,1,1,10,190,0,0,"Logistic: n=200/p=200, High Sparsity, AR1","binomial",4
20,0,0.2890625,1,1,10,190,0,0,"Logistic: n=200/p=200, High Sparsity, AR1","binomial",4
30,0,0.291666666666667,1,1,10,190,0,0,"Logistic: n=200/p=200, High Sparsity, AR1","binomial",4
40,0,0.231770833333333,1,1,10,190,0,0,"Logistic: n=200/p=200, High Sparsity, AR1","binomial",4
50,0,0.21875,1,1,10,190,0,0,"Logistic: n=200/p=200, High Sparsity, AR1","binomial",4
60,0,0.2265625,1,1,10,190,0,0,"Logistic: n=200/p=200, High Sparsity, AR1","binomial",4
75,0,0.255208333333333,1,1,10,190,0,0,"Logistic: n=200/p=200, High Sparsity, AR1","binomial",4
100,0,0.263020833333333,1,1,10,190,0,0,"Logistic: n=200/p=200, High Sparsity, AR1","binomial",4
5,0,0.293233082706767,1,1,10,190,0,0,"Logistic: n=200/p=200, High Sparsity, AR1","binomial",5
10,0,0.290726817042607,1,1,10,190,0,0,"Logistic: n=200/p=200, High Sparsity, AR1","binomial",5
20,0,0.285714285714286,1,1,10,190,0,0,"Logistic: n=200/p=200, High Sparsity, AR1","binomial",5
30,0,0.243107769423559,1,1,10,190,0,0,"Logistic: n=200/p=200, High Sparsity, AR1","binomial",5
40,0,0.240601503759399,1,1,10,190,0,0,"Logistic: n=200/p=200, High Sparsity, AR1","binomial",5
50,0,0.263157894736842,1,1,10,190,0,0,"Logistic: n=200/p=200, High Sparsity, AR1","binomial",5
60,0,0.245614035087719,1,1,10,190,0,0,"Logistic: n=200/p=200, High Sparsity, AR1","binomial",5
75,0,0.260651629072682,1,1,10,190,0,0,"Logistic: n=200/p=200, High Sparsity, AR1","binomial",5
100,0,0.245614035087719,1,1,10,190,0,0,"Logistic: n=200/p=200, High Sparsity, AR1","binomial",5
5,0,0.340153452685422,1,1,10,190,0,0,"Logistic: n=200/p=200, High Sparsity, AR1","binomial",6
10,0,0.345268542199489,1,1,10,190,0,0,"Logistic: n=200/p=200, High Sparsity, AR1","binomial",6
20,0,0.301790281329923,1,1,10,190,0,0,"Logistic: n=200/p=200, High Sparsity, AR1","binomial",6
30,0,0.286445012787724,1,1,10,190,0,0,"Logistic: n=200/p=200, High Sparsity, AR1","binomial",6
40,0,0.30690537084399,1,1,10,190,0,0,"Logistic: n=200/p=200, High Sparsity, AR1","binomial",6
50,0,0.273657289002558,1,1,10,190,0,0,"Logistic: n=200/p=200, High Sparsity, AR1","binomial",6
60,0,0.273657289002557,1,1,10,190,0,0,"Logistic: n=200/p=200, High Sparsity, AR1","binomial",6
75,0,0.278772378516624,1,1,10,190,0,0,"Logistic: n=200/p=200, High Sparsity, AR1","binomial",6
100,0,0.28388746803069,1,1,10,190,0,0,"Logistic: n=200/p=200, High Sparsity, AR1","binomial",6
5,0,0.348484848484849,1,1,10,190,0,0,"Logistic: n=200/p=200, High Sparsity, AR1","binomial",7
10,0,0.330808080808081,1,1,10,190,0,0,"Logistic: n=200/p=200, High Sparsity, AR1","binomial",7
20,0,0.340909090909091,1,1,10,190,0,0,"Logistic: n=200/p=200, High Sparsity, AR1","binomial",7
30,0,0.335858585858586,1,1,10,190,0,0,"Logistic: n=200/p=200, High Sparsity, AR1","binomial",7
40,0,0.303030303030303,1,1,10,190,0,0,"Logistic: n=200/p=200, High Sparsity, AR1","binomial",7
50,0,0.323232323232323,1,1,10,190,0,0,"Logistic: n=200/p=200, High Sparsity, AR1","binomial",7
60,0,0.295454545454545,1,1,10,190,0,0,"Logistic: n=200/p=200, High Sparsity, AR1","binomial",7
75,0,0.308080808080808,1,1,10,190,0,0,"Logistic: n=200/p=200, High Sparsity, AR1","binomial",7
100,0,0.305555555555556,1,1,10,190,0,0,"Logistic: n=200/p=200, High Sparsity, AR1","binomial",7
5,0,0.440104166666667,1,1,10,190,0,0,"Logistic: n=200/p=200, High Sparsity, AR1","binomial",8
10,0,0.455729166666667,1,1,10,190,0,0,"Logistic: n=200/p=200, High Sparsity, AR1","binomial",8
20,0,0.453125,1,1,10,190,0,0,"Logistic: n=200/p=200, High Sparsity, AR1","binomial",8
30,0,0.385416666666667,1,1,10,190,0,0,"Logistic: n=200/p=200, High Sparsity, AR1","binomial",8
40,0,0.411458333333333,1,1,10,190,0,0,"Logistic: n=200/p=200, High Sparsity, AR1","binomial",8
50,0,0.424479166666667,1,1,10,190,0,0,"Logistic: n=200/p=200, High Sparsity, AR1","binomial",8
60,0,0.447916666666667,1,1,10,190,0,0,"Logistic: n=200/p=200, High Sparsity, AR1","binomial",8
75,0,0.463541666666667,1,1,10,190,0,0,"Logistic: n=200/p=200, High Sparsity, AR1","binomial",8
100,0,0.440104166666667,1,1,10,190,0,0,"Logistic: n=200/p=200, High Sparsity, AR1","binomial",8
5,0,0.429292929292929,1,1,10,190,0,0,"Logistic: n=200/p=200, High Sparsity, AR1","binomial",9
10,0,0.409090909090909,1,1,10,190,0,0,"Logistic: n=200/p=200, High Sparsity, AR1","binomial",9
20,0,0.398989898989899,1,1,10,190,0,0,"Logistic: n=200/p=200, High Sparsity, AR1","binomial",9
30,0,0.396464646464647,1,1,10,190,0,0,"Logistic: n=200/p=200, High Sparsity, AR1","binomial",9
40,0,0.368686868686869,1,1,10,190,0,0,"Logistic: n=200/p=200, High Sparsity, AR1","binomial",9
50,0,0.383838383838384,1,1,10,190,0,0,"Logistic: n=200/p=200, High Sparsity, AR1","binomial",9
60,0,0.426767676767677,1,1,10,190,0,0,"Logistic: n=200/p=200, High Sparsity, AR1","binomial",9
75,0,0.386363636363637,1,1,10,190,0,0,"Logistic: n=200/p=200, High Sparsity, AR1","binomial",9
100,0,0.396464646464647,1,1,10,190,0,0,"Logistic: n=200/p=200, High Sparsity, AR1","binomial",9
5,0,0.255050505050505,1,1,10,190,0,0,"Logistic: n=200/p=200, High Sparsity, AR1","binomial",10
10,0,0.285353535353535,1,1,10,190,0,0,"Logistic: n=200/p=200, High Sparsity, AR1","binomial",10
20,0,0.30050505050505,1,1,10,190,0,0,"Logistic: n=200/p=200, High Sparsity, AR1","binomial",10
30,0,0.325757575757576,1,1,10,190,0,0,"Logistic: n=200/p=200, High Sparsity, AR1","binomial",10
40,0,0.325757575757576,1,1,10,190,0,0,"Logistic: n=200/p=200, High Sparsity, AR1","binomial",10
50,0,0.343434343434344,1,1,10,190,0,0,"Logistic: n=200/p=200, High Sparsity, AR1","binomial",10
60,0,0.333333333333333,1,1,10,190,0,0,"Logistic: n=200/p=200, High Sparsity, AR1","binomial",10
75,0,0.340909090909091,1,1,10,190,0,0,"Logistic: n=200/p=200, High Sparsity, AR1","binomial",10
100,0,0.335858585858586,1,1,10,190,0,0,"Logistic: n=200/p=200, High Sparsity, AR1","binomial",10
5,0,0.0659340659340659,1,1,150,350,0,0,"Logistic: n=100/p=500, Dense Sparsity, Block","binomial",1
10,0,0.0659340659340659,1,1,150,350,0,0,"Logistic: n=100/p=500, Dense Sparsity, Block","binomial",1
20,0,0.0659340659340659,1,1,150,350,0,0,"Logistic: n=100/p=500, Dense Sparsity, Block","binomial",1
30,0,0.0659340659340659,1,1,150,350,0,0,"Logistic: n=100/p=500, Dense Sparsity, Block","binomial",1
40,0,0.0659340659340659,1,1,150,350,0,0,"Logistic: n=100/p=500, Dense Sparsity, Block","binomial",1
50,0,0.0659340659340659,1,1,150,350,0,0,"Logistic: n=100/p=500, Dense Sparsity, Block","binomial",1
60,0,0.0659340659340659,1,1,150,350,0,0,"Logistic: n=100/p=500, Dense Sparsity, Block","binomial",1
75,0,0.0659340659340659,1,1,150,350,0,0,"Logistic: n=100/p=500, Dense Sparsity, Block","binomial",1
100,0,0.0659340659340659,1,1,150,350,0,0,"Logistic: n=100/p=500, Dense Sparsity, Block","binomial",1
5,0,0,1,1,150,350,0,0,"Logistic: n=100/p=500, Dense Sparsity, Block","binomial",2
10,0,0,1,1,150,350,0,0,"Logistic: n=100/p=500, Dense Sparsity, Block","binomial",2
20,0,0,1,1,150,350,0,0,"Logistic: n=100/p=500, Dense Sparsity, Block","binomial",2
30,0,0,1,1,150,350,0,0,"Logistic: n=100/p=500, Dense Sparsity, Block","binomial",2
40,0,0,1,1,150,350,0,0,"Logistic: n=100/p=500, Dense Sparsity, Block","binomial",2
50,0,0,1,1,150,350,0,0,"Logistic: n=100/p=500, Dense Sparsity, Block","binomial",2
60,0,0,1,1,150,350,0,0,"Logistic: n=100/p=500, Dense Sparsity, Block","binomial",2
75,0,0,1,1,150,350,0,0,"Logistic: n=100/p=500, Dense Sparsity, Block","binomial",2
100,0,0,1,1,150,350,0,0,"Logistic: n=100/p=500, Dense Sparsity, Block","binomial",2
5,0,0,1,1,150,350,0,0,"Logistic: n=100/p=500, Dense Sparsity, Block","binomial",3
10,0,0,1,1,150,350,0,0,"Logistic: n=100/p=500, Dense Sparsity, Block","binomial",3
20,0,0,1,1,150,350,0,0,"Logistic: n=100/p=500, Dense Sparsity, Block","binomial",3
30,0,0,1,1,150,350,0,0,"Logistic: n=100/p=500, Dense Sparsity, Block","binomial",3
40,0,0,1,1,150,350,0,0,"Logistic: n=100/p=500, Dense Sparsity, Block","binomial",3
50,0,0,1,1,150,350,0,0,"Logistic: n=100/p=500, Dense Sparsity, Block","binomial",3
60,0,0,1,1,150,350,0,0,"Logistic: n=100/p=500, Dense Sparsity, Block","binomial",3
75,0,0,1,1,150,350,0,0,"Logistic: n=100/p=500, Dense Sparsity, Block","binomial",3
100,0,0,1,1,150,350,0,0,"Logistic: n=100/p=500, Dense Sparsity, Block","binomial",3
5,0,0,1,1,150,350,0,0,"Logistic: n=100/p=500, Dense Sparsity, Block","binomial",4
10,0,0,1,1,150,350,0,0,"Logistic: n=100/p=500, Dense Sparsity, Block","binomial",4
20,0,0,1,1,150,350,0,0,"Logistic: n=100/p=500, Dense Sparsity, Block","binomial",4
30,0,0,1,1,150,350,0,0,"Logistic: n=100/p=500, Dense Sparsity, Block","binomial",4
40,0,0,1,1,150,350,0,0,"Logistic: n=100/p=500, Dense Sparsity, Block","binomial",4
50,0,0,1,1,150,350,0,0,"Logistic: n=100/p=500, Dense Sparsity, Block","binomial",4
60,0,0,1,1,150,350,0,0,"Logistic: n=100/p=500, Dense Sparsity, Block","binomial",4
75,0,0,1,1,150,350,0,0,"Logistic: n=100/p=500, Dense Sparsity, Block","binomial",4
100,0,0,1,1,150,350,0,0,"Logistic: n=100/p=500, Dense Sparsity, Block","binomial",4
5,0,0,1,1,150,350,0,0,"Logistic: n=100/p=500, Dense Sparsity, Block","binomial",5
10,0,0,1,1,150,350,0,0,"Logistic: n=100/p=500, Dense Sparsity, Block","binomial",5
20,0,0,1,1,150,350,0,0,"Logistic: n=100/p=500, Dense Sparsity, Block","binomial",5
30,0,0,1,1,150,350,0,0,"Logistic: n=100/p=500, Dense Sparsity, Block","binomial",5
40,0,0,1,1,150,350,0,0,"Logistic: n=100/p=500, Dense Sparsity, Block","binomial",5
50,0,0,1,1,150,350,0,0,"Logistic: n=100/p=500, Dense Sparsity, Block","binomial",5
60,0,0,1,1,150,350,0,0,"Logistic: n=100/p=500, Dense Sparsity, Block","binomial",5
75,0,0,1,1,150,350,0,0,"Logistic: n=100/p=500, Dense Sparsity, Block","binomial",5
100,0,0,1,1,150,350,0,0,"Logistic: n=100/p=500, Dense Sparsity, Block","binomial",5
5,0,0.0606060606060606,1,1,150,350,0,0,"Logistic: n=100/p=500, Dense Sparsity, Block","binomial",6
10,0,0.0606060606060606,1,1,150,350,0,0,"Logistic: n=100/p=500, Dense Sparsity, Block","binomial",6
20,0,0.0606060606060606,1,1,150,350,0,0,"Logistic: n=100/p=500, Dense Sparsity, Block","binomial",6
30,0,0.0606060606060606,1,1,150,350,0,0,"Logistic: n=100/p=500, Dense Sparsity, Block","binomial",6
40,0,0.0606060606060606,1,1,150,350,0,0,"Logistic: n=100/p=500, Dense Sparsity, Block","binomial",6
50,0,0.0606060606060606,1,1,150,350,0,0,"Logistic: n=100/p=500, Dense Sparsity, Block","binomial",6
60,0,0.0606060606060606,1,1,150,350,0,0,"Logistic: n=100/p=500, Dense Sparsity, Block","binomial",6
75,0,0.0606060606060606,1,1,150,350,0,0,"Logistic: n=100/p=500, Dense Sparsity, Block","binomial",6
100,0,0.0606060606060606,1,1,150,350,0,0,"Logistic: n=100/p=500, Dense Sparsity, Block","binomial",6
5,0,0.0119047619047619,1,1,150,350,0,0,"Logistic: n=100/p=500, Dense Sparsity, Block","binomial",7
10,0,0.0119047619047619,1,1,150,350,0,0,"Logistic: n=100/p=500, Dense Sparsity, Block","binomial",7
20,0,0.0119047619047619,1,1,150,350,0,0,"Logistic: n=100/p=500, Dense Sparsity, Block","binomial",7
30,0,0.0119047619047619,1,1,150,350,0,0,"Logistic: n=100/p=500, Dense Sparsity, Block","binomial",7
40,0,0.0119047619047619,1,1,150,350,0,0,"Logistic: n=100/p=500, Dense Sparsity, Block","binomial",7
50,0,0.0119047619047619,1,1,150,350,0,0,"Logistic: n=100/p=500, Dense Sparsity, Block","binomial",7
60,0,0.0119047619047619,1,1,150,350,0,0,"Logistic: n=100/p=500, Dense Sparsity, Block","binomial",7
75,0,0.0119047619047619,1,1,150,350,0,0,"Logistic: n=100/p=500, Dense Sparsity, Block","binomial",7
100,0,0.0119047619047619,1,1,150,350,0,0,"Logistic: n=100/p=500, Dense Sparsity, Block","binomial",7
5,0,0.0505050505050504,1,1,150,350,0,0,"Logistic: n=100/p=500, Dense Sparsity, Block","binomial",8
10,0,0.0606060606060606,1,1,150,350,0,0,"Logistic: n=100/p=500, Dense Sparsity, Block","binomial",8
20,0,0.0505050505050504,1,1,150,350,0,0,"Logistic: n=100/p=500, Dense Sparsity, Block","binomial",8
30,0,0.0707070707070706,1,1,150,350,0,0,"Logistic: n=100/p=500, Dense Sparsity, Block","binomial",8
40,0,0.0707070707070706,1,1,150,350,0,0,"Logistic: n=100/p=500, Dense Sparsity, Block","binomial",8
50,0,0.0606060606060606,1,1,150,350,0,0,"Logistic: n=100/p=500, Dense Sparsity, Block","binomial",8
60,0,0.0707070707070706,1,1,150,350,0,0,"Logistic: n=100/p=500, Dense Sparsity, Block","binomial",8
75,0,0.0606060606060606,1,1,150,350,0,0,"Logistic: n=100/p=500, Dense Sparsity, Block","binomial",8
100,0,0.0606060606060606,1,1,150,350,0,0,"Logistic: n=100/p=500, Dense Sparsity, Block","binomial",8
5,0,0,1,1,150,350,0,0,"Logistic: n=100/p=500, Dense Sparsity, Block","binomial",9
10,0,0,1,1,150,350,0,0,"Logistic: n=100/p=500, Dense Sparsity, Block","binomial",9
20,0,0,1,1,150,350,0,0,"Logistic: n=100/p=500, Dense Sparsity, Block","binomial",9
30,0,0,1,1,150,350,0,0,"Logistic: n=100/p=500, Dense Sparsity, Block","binomial",9
40,0,0,1,1,150,350,0,0,"Logistic: n=100/p=500, Dense Sparsity, Block","binomial",9
50,0,0,1,1,150,350,0,0,"Logistic: n=100/p=500, Dense Sparsity, Block","binomial",9
60,0,0,1,1,150,350,0,0,"Logistic: n=100/p=500, Dense Sparsity, Block","binomial",9
75,0,0,1,1,150,350,0,0,"Logistic: n=100/p=500, Dense Sparsity, Block","binomial",9
100,0,0,1,1,150,350,0,0,"Logistic: n=100/p=500, Dense Sparsity, Block","binomial",9
5,0,0.0208333333333333,1,1,150,350,0,0,"Logistic: n=100/p=500, Dense Sparsity, Block","binomial",10
10,0,0.0104166666666666,1,1,150,350,0,0,"Logistic: n=100/p=500, Dense Sparsity, Block","binomial",10
20,0,0.0208333333333333,1,1,150,350,0,0,"Logistic: n=100/p=500, Dense Sparsity, Block","binomial",10
30,0,0.0208333333333333,1,1,150,350,0,0,"Logistic: n=100/p=500, Dense Sparsity, Block","binomial",10
40,0,0.0208333333333333,1,1,150,350,0,0,"Logistic: n=100/p=500, Dense Sparsity, Block","binomial",10
50,0,0.0208333333333333,1,1,150,350,0,0,"Logistic: n=100/p=500, Dense Sparsity, Block","binomial",10
60,0,0.0312499999999999,1,1,150,350,0,0,"Logistic: n=100/p=500, Dense Sparsity, Block","binomial",10
75,0,0.0208333333333333,1,1,150,350,0,0,"Logistic: n=100/p=500, Dense Sparsity, Block","binomial",10
100,0,0.0312499999999999,1,1,150,350,0,0,"Logistic: n=100/p=500, Dense Sparsity, Block","binomial",10
